Time (s),ESC signal (µs),Servo 1 (µs),Servo 2 (µs),Servo 3 (µs),AccX (g),AccY (g),AccZ (g),Torque (N·m),Thrust (N),Voltage (V),Current (A),Motor Electrical Speed (RPM),Motor Optical Speed (RPM),Electrical Power (W),Mechanical Power (W),Motor Efficiency (%),Propeller Mech. Efficiency (N/W),Overall Efficiency (N/W),Vibration (g),App message,
0.12380016666680264,1100,,,,-0.042708333333333334,0.042252604166666666,-0.9718098958333333,0.012345523094094283,0.3966715252139204,22.69871579421148,0.13139208292139298,728,0,2.982431419428333,0.9410152549785574,31.556387061151742,0.42165834571519145,0.13301620932164285,0.06438802083333334,,
0.12187783333342522,1200,,,,-0.048177083333333336,0.0431640625,-0.9714192708333333,0.05233830869436741,1.6110668431637656,22.68451886135754,0.5321707367164071,1465,0,12.072037314388204,8.031146118753668,66.5275435654099,0.20060390376044768,0.13345570105682023,0.290625,,
3.369904333333454,1300,,,,-0.052083333333333336,0.05950520833333333,-0.9779296875,0.09916828084227054,3.6853570793469723,22.653654354581644,1.3663092709763676,2122,0,30.951891618742135,22.034235597739368,71.19526264316252,0.16725437484648656,0.11908519601689783,0.39401041666666664,,
6.62312050000013,1400,,,,-0.026041666666666668,0.05572916666666667,-0.9764322916666667,0.15398707392010352,6.0598231300732035,22.597522068517158,2.7010659503711745,2683,0,61.03739414634165,43.25776178637973,70.87169558067255,0.1400866366152631,0.09928159723807874,0.45553385416666664,,
9.874791666666775,1500,,,,-0.0625,0.017838541666666666,-0.9739583333333334,0.21828387037563485,8.550450857103867,22.520664474179316,4.577930844089139,3583,0,103.09803757545438,81.92361025281383,79.42059008058109,0.10822351989864704,0.08293574559095206,0.5371744791666667,,
