Time (s),ESC signal (µs),Servo 1 (µs),Servo 2 (µs),Servo 3 (µs),AccX (g),AccY (g),AccZ (g),Torque (N·m),Thrust (N),Voltage (V),Current (A),Motor Electrical Speed (RPM),Motor Optical Speed (RPM),Electrical Power (W),Mechanical Power (W),Motor Efficiency (%),Propeller Mech. Efficiency (N/W),Overall Efficiency (N/W),Vibration (g),App message,
0.1196814999998935,1100,,,,-0.04479166666666667,0.04440104166666667,-0.9717447916666667,0.04570801008988411,0.6540366445377875,23.03350227460022,0.17992726182066948,845,0,4.144354931466316,4.04469114114949,97.60179933048543,0.1617026744140064,0.1578290289972016,0.062890625,,
0.1205403333331691,1200,,,,-0.04544270833333333,0.040755208333333334,-0.9747395833333333,0.08564813810526492,2.2448188055295666,23.01812142631278,0.6599963519881192,1631,0,15.191872985262416,14.629280507791197,96.30230193134588,0.15344703691811934,0.1477753206918581,0.12578125,,
3.379275166666523,1300,,,,-0.05,0.015950520833333332,-0.9761067708333333,0.13943056410817167,4.542938706707864,22.9824246050748,1.6484005237904726,2357,0,37.884240053573755,34.41932683664045,90.85432079167235,0.13198892599418516,0.11991746233183988,0.319140625,,
6.628191499999862,1400,,,,-0.06770833333333333,0.0501953125,-0.9759114583333334,0.2048373187031873,7.645036987998307,22.9184524199245,3.2714223559084115,3015,0,74.97593866350604,64.68310444893775,86.27219721705754,0.11819214825270967,0.10196679201102495,0.3028645833333333,,
9.881387499999853,1500,,,,-0.08020833333333334,0.03795572916666667,-0.9799479166666667,0.281506789068969,11.009651128615184,22.82716239058826,5.742772668732513,3619,0,131.091204419915,106.68239979568791,81.38031565256163,0.10320034938007495,0.0839846861337826,0.323828125,,
13.141400833333172,1600,,,,-0.04479166666666667,0.027994791666666668,-0.9751953125,0.37340320979609093,14.77391518632625,22.701993387361515,8.98999194865634,4157,0,204.09073137560986,162.54547129410346,79.64384243114837,0.09089130375964717,0.07238912750327324,0.5225911458333333,,
