Time (s),ESC signal (µs),Servo 1 (µs),Servo 2 (µs),Servo 3 (µs),AccX (g),AccY (g),AccZ (g),Torque (N·m),Thrust (N),Voltage (V),Current (A),Motor Electrical Speed (RPM),Motor Optical Speed (RPM),Electrical Power (W),Mechanical Power (W),Motor Efficiency (%),Propeller Mech. Efficiency (N/W),Overall Efficiency (N/W),Vibration (g),App message,
0.7533189166666677,1500,,,,-0.04749348958333333,0.043359375,-0.9744466145833334,0.07350477393365505,4.390987528653698,22.454880071122524,1.6099657306146151,3725,0,36.15159026688944,28.67231877908507,79.3141266960756,0.15314432213180115,0.12146363642400569,0.32854817708333334,,
0.7672675000000068,1500,,,,-0.04462890625,0.03961588541666667,-0.9768229166666667,0.07288362407094878,4.365988521828953,22.45179395920076,1.5896831024008213,3728,0,35.691243044830784,28.454743848304144,79.72901575288621,0.15343651505927366,0.12233224271202606,0.34892578125,,
5.322550250000009,1500,,,,-0.0470703125,0.038834635416666666,-0.97421875,0.07264473641516035,4.335223486345195,22.449543889572087,1.5890605873706365,3723,0,35.6736808562313,28.320859971488968,79.3912163452526,0.15308830302349102,0.12152321299431317,0.36064453125,,
9.855304,1500,,,,-0.047526041666666664,0.041764322916666666,-0.9779296875,0.07354014228603176,4.392398140122221,22.447317617923204,1.6104268922987115,3722,0,36.14976481352839,28.662164372429636,79.28848127761945,0.1532473865069891,0.12150733269389688,0.3367838541666667,,
14.389069583333344,1500,,,,-0.04397786458333333,0.040364583333333336,-0.980078125,0.07329001832921402,4.384496856060597,22.445520444656047,1.5991191160879727,3721,0,35.893061182760796,28.561648677043493,79.57765031367337,0.1535107839298585,0.12215814729663771,0.33199869791666664,,
18.908268916666678,1500,,,,-0.04544270833333333,0.044694010416666666,-0.9795572916666667,0.0734817784986333,4.364511049571863,22.44392776622505,1.6113504326861634,3719,0,36.165032299994614,28.618329405709897,79.13263466594758,0.15251144064031857,0.12068399116847181,0.3343098958333333,,
