Time (s),ESC signal (µs),Servo 1 (µs),Servo 2 (µs),Servo 3 (µs),AccX (g),AccY (g),AccZ (g),Torque (N·m),Thrust (N),Voltage (V),Current (A),Motor Electrical Speed (RPM),Motor Optical Speed (RPM),Electrical Power (W),Mechanical Power (W),Motor Efficiency (%),Propeller Mech. Efficiency (N/W),Overall Efficiency (N/W),Vibration (g),App message,
0.7605816666666659,1500,,,,-0.04775390625,0.041829427083333336,-0.9765625,0.07319226464909942,4.394499694059656,22.447370017243838,1.6174751505030345,3723,0,36.30806507274579,28.53902805383602,78.60458007228671,0.15398228530290567,0.1210369634141579,0.32718098958333336,,
0.745767416666665,1500,,,,-0.04505208333333333,0.0439453125,-0.9748046875,0.07316596202668935,4.369201066898286,22.444103132240496,1.6163342930615778,3725,0,36.27717115461914,28.540151327268415,78.67507531279173,0.15309078464880987,0.12044363801864753,0.35908203125,,
5.289054416666664,1500,,,,-0.045572916666666664,0.04690755208333333,-0.9760091145833333,0.07247381905072045,4.360113443106774,22.442104386756487,1.6029147291990113,3724,0,35.97278039997737,28.259792835576153,78.56004660262353,0.1542891332261468,0.1212096206298799,0.3423828125,,
9.81217775,1500,,,,-0.04348958333333333,0.042220052083333334,-0.9756510416666667,0.0731397415383953,4.382996683614504,22.439953065722715,1.6181183344314933,3719,0,36.31049914040408,28.48672658409767,78.45525716282549,0.15386247077888146,0.12071229164508576,0.33323567708333335,,
14.3381825,1500,,,,-0.05009765625,0.046061197916666664,-0.979296875,0.07360500569589197,4.398251994947957,22.437617771752013,1.6296260880273126,3717,0,36.56492456091409,28.652743868203558,78.36215645468648,0.15350692994195855,0.12028918333709361,0.34140625,,
18.84104741666666,1500,,,,-0.0474609375,0.043294270833333336,-0.9816080729166666,0.0736164609946555,4.417984535199325,22.43686462722625,1.6197333189719705,3720,0,36.34173767911577,28.678441181065946,78.91448570258866,0.15405441889468247,0.12156840068442532,0.36591796875,,
