Time (s),ESC signal (µs),Servo 1 (µs),Servo 2 (µs),Servo 3 (µs),AccX (g),AccY (g),AccZ (g),Torque (N·m),Thrust (N),Voltage (V),Current (A),Motor Electrical Speed (RPM),Motor Optical Speed (RPM),Electrical Power (W),Mechanical Power (W),Motor Efficiency (%),Propeller Mech. Efficiency (N/W),Overall Efficiency (N/W),Vibration (g),App message,
0.764184166666663,1500,,,,-0.05035807291666667,0.043294270833333336,-0.97587890625,0.07411575057104072,4.438994914256355,22.45714534265152,1.6028762723016938,3732,0,35.996023884911004,28.964750583477358,80.46778124721531,0.15325551308619376,0.12332167994810721,0.358203125,,
0.7518430833333407,1500,,,,-0.048079427083333334,0.04169921875,-0.9753255208333333,0.07323681517882139,4.371228832053363,22.454943424115303,1.5887181369597139,3733,0,35.67457330584527,28.626396176963567,80.24379316321142,0.15270595353866398,0.12253452327056735,0.36669921875,,
5.255539166666674,1500,,,,-0.04401041666666667,0.048600260416666666,-0.9794270833333333,0.07377961592257971,4.405187658015675,22.453052675083885,1.598680392428373,3729,0,35.89525563174829,28.810442871019166,80.26674635109242,0.1529032523432504,0.12272893394371931,0.4117513020833333,,
9.793405583333344,1500,,,,-0.04456380208333333,0.044596354166666664,-0.97998046875,0.07397991247906784,4.412183258663146,22.450891750408125,1.586821968464086,3721,0,35.62556819899526,28.830170199126975,80.92555408743219,0.15306353034657802,0.12384917834177529,0.37669270833333335,,
14.33159008333334,1500,,,,-0.03844401041666667,0.035384114583333334,-0.97431640625,0.07335430939090436,4.382484531832422,22.450072345647982,1.5903002210032,3730,0,35.702356071129174,28.650287153181615,80.24961820493576,0.1529655781047004,0.12275428165231346,0.4015625,,
18.852117750000012,1500,,,,-0.04765625,0.03896484375,-0.97724609375,0.07362277546336407,4.429144518253469,22.449299283217112,1.5901005438357936,3724,0,35.69664911398982,28.708649051772397,80.42757030780432,0.1542942897998074,0.12407905459401596,0.40377604166666664,,
