Time (s),ESC signal (µs),Servo 1 (µs),Servo 2 (µs),Servo 3 (µs),AccX (g),AccY (g),AccZ (g),Torque (N·m),Thrust (N),Voltage (V),Current (A),Motor Electrical Speed (RPM),Motor Optical Speed (RPM),Electrical Power (W),Mechanical Power (W),Motor Efficiency (%),Propeller Mech. Efficiency (N/W),Overall Efficiency (N/W),Vibration (g),App message,
1.5189512083333576,1500,,,,-0.047200520833333336,0.043994140625,-0.9749674479166667,0.08167569216557301,4.848921874281435,22.45461202361775,1.7573417013651558,3912,0,39.46042649066662,33.462358550375725,84.80052105689911,0.1449077141705297,0.12288192432284994,0.28932291666666665,,
1.5005702499999565,1500,,,,-0.047705078125,0.04519856770833333,-0.97626953125,0.08167486795706305,4.833322973111761,22.450148737028773,1.7534081265338715,3907,0,39.36427076989887,33.41557531771255,84.88884637157861,0.1446429278736852,0.12278520752177303,0.29835611979166665,,
7.525085791666618,1500,,,,-0.046923828125,0.043359375,-0.9766927083333333,0.08158276037270303,4.8160707102690665,22.446705390148693,1.7567904806315253,3908,0,39.434157926190466,33.38548027829373,84.66214442333676,0.1442633234547324,0.12213275343629594,0.31080729166666665,,
13.569088166666619,1500,,,,-0.048111979166666666,0.042236328125,-0.9768391927083333,0.08117119258059255,4.8312267564612945,22.444308801611946,1.7606857632025246,3905,0,39.51737362652721,33.19443177079445,84.00112852861025,0.14554614260611395,0.1222592338133297,0.292822265625,,
19.626237874999948,1500,,,,-0.04651692708333333,0.04064127604166667,-0.9756022135416667,0.08108984183143605,4.81469323257223,22.44230576758635,1.7557955308073785,3902,0,39.40409742708025,33.13692417823247,84.09606705401033,0.14529697214367843,0.12218796968522115,0.29734700520833335,,
25.644344208333287,1500,,,,-0.045003255208333336,0.042317708333333336,-0.9762532552083333,0.08072538543553741,4.781595998975352,22.44080205491017,1.7385719018317842,3905,0,39.01494703867465,33.01325540826379,84.61762027038952,0.14484103893996714,0.1225596122105394,0.288916015625,,
