Time (s),ESC signal (µs),Servo 1 (µs),Servo 2 (µs),Servo 3 (µs),AccX (g),AccY (g),AccZ (g),Torque (N·m),Thrust (N),Voltage (V),Current (A),Motor Electrical Speed (RPM),Motor Optical Speed (RPM),Electrical Power (W),Mechanical Power (W),Motor Efficiency (%),Propeller Mech. Efficiency (N/W),Overall Efficiency (N/W),Vibration (g),App message,
0.7422830833333413,1500,,,,-0.045572916666666664,0.04339192708333333,-0.9775390625,0.07363615939534997,4.390075541402724,22.43756203090522,1.6081656662776138,3728,0,36.08331662670695,28.74520211028027,79.66580292176917,0.15272466862171555,0.12166860558480615,0.3154296875,,
0.7309959999999969,1500,,,,-0.04951171875,0.044921875,-0.9784505208333333,0.07257181596857108,4.350691549294021,22.43548978822796,1.6002990202981933,3728,0,35.903490214429226,28.329404671245307,78.90869168854951,0.15357553385858436,0.12118293765509915,0.32470703125,,
5.250335999999998,1500,,,,-0.04895833333333333,0.0390625,-0.9768229166666667,0.0734445463049657,4.393030582668288,22.43259828376698,1.6181174903132396,3719,0,36.298579469571415,28.602302460711357,78.79845485723177,0.15359139775063568,0.1210264610081219,0.3185546875,,
9.75312891666667,1500,,,,-0.0447265625,0.03779296875,-0.97568359375,0.07272593987306054,4.358172046888081,22.43112969628097,1.6110131516570774,3724,0,36.13684637133906,28.35936888960832,78.47984768537232,0.15367802932043326,0.12060647334838794,0.3298828125,,
14.254118833333333,1500,,,,-0.04820963541666667,0.044759114583333336,-0.9767903645833333,0.073207583726989,4.410191801838142,22.42897766487122,1.618431081875591,3722,0,36.299753039842656,28.535019207920133,78.61137183087455,0.15455655885333675,0.12149867507394184,0.2745442708333333,,
18.753721916666667,1500,,,,-0.04384765625,0.04059244791666667,-0.9778971354166667,0.07266248855069926,4.381613740512905,22.42832395334911,1.608457084337582,3724,0,36.07499679009452,28.334516856623484,78.54409285486503,0.15464068325213143,0.12146071931350108,0.29879557291666664,,
