Time (s),ESC signal (µs),Servo 1 (µs),Servo 2 (µs),Servo 3 (µs),AccX (g),AccY (g),AccZ (g),Torque (N·m),Thrust (N),Voltage (V),Current (A),Motor Electrical Speed (RPM),Motor Optical Speed (RPM),Electrical Power (W),Mechanical Power (W),Motor Efficiency (%),Propeller Mech. Efficiency (N/W),Overall Efficiency (N/W),Vibration (g),App message,
0.7652603333333273,1500,,,,-0.04495442708333333,0.037272135416666664,-0.9759440104166667,0.07431778182026928,4.439399873257926,22.45411976745786,1.6529664139244216,3739,0,37.11590461831651,29.100431904055032,78.40526411420787,0.15255529365440695,0.11961077434510312,0.38359375,,
0.7582574166666607,1500,,,,-0.0486328125,0.04153645833333333,-0.973828125,0.07377302425816122,4.389980273388465,22.450537983930285,1.644610909931499,3740,0,36.92239777837239,28.896892850561937,78.26425882388797,0.15192420788618802,0.1188996749327018,0.39169921875,,
5.2899806666666604,1500,,,,-0.0419921875,0.039876302083333336,-0.9725260416666667,0.07418758427954,4.462084227876309,22.448301005307417,1.6519198431489035,3734,0,37.0827929947531,29.00845799877918,78.22765502058945,0.15382101173304338,0.12032874099331907,0.38206380208333335,,
9.818837999999994,1500,,,,-0.04700520833333333,0.045638020833333334,-0.9810546875,0.07293418097461822,4.354462859152905,22.447535764265726,1.6303521373204342,3740,0,36.597384337145165,28.561214088968182,78.04317615517877,0.1524681635053772,0.1189847187938812,0.365234375,,
14.349236916666664,1500,,,,-0.04449869791666667,0.0400390625,-0.9784505208333333,0.07345943970057371,4.404166522167691,22.44514799530761,1.6458935387324638,3731,0,36.94232233128508,28.70113870187714,77.69281602616846,0.15347517459157267,0.1192199370196371,0.36842447916666665,,
18.864419666666663,1500,,,,-0.041796875,0.03961588541666667,-0.9801432291666666,0.07399963464835878,4.419666232949332,22.443404924673413,1.652797265973934,3731,0,37.09439898790686,28.914522266720944,77.94888665819886,0.1528545613421677,0.11914743529213231,0.3917317708333333,,
